-- phpMyAdmin SQL Dump
-- version 4.9.0.1
-- https://www.phpmyadmin.net/
--
-- Хост: 127.0.0.1:3306
-- Время создания: Сен 02 2020 г., 15:11
-- Версия сервера: 8.0.15
-- Версия PHP: 7.3.9

SET SQL_MODE = "NO_AUTO_VALUE_ON_ZERO";
SET AUTOCOMMIT = 0;
START TRANSACTION;
SET time_zone = "+00:00";


/*!40101 SET @OLD_CHARACTER_SET_CLIENT=@@CHARACTER_SET_CLIENT */;
/*!40101 SET @OLD_CHARACTER_SET_RESULTS=@@CHARACTER_SET_RESULTS */;
/*!40101 SET @OLD_COLLATION_CONNECTION=@@COLLATION_CONNECTION */;
/*!40101 SET NAMES utf8mb4 */;

--
-- База данных: `laravel-data-test`
--
CREATE DATABASE IF NOT EXISTS `laravel-data-test` DEFAULT CHARACTER SET utf8mb4 COLLATE utf8mb4_0900_ai_ci;
USE `laravel-data-test`;

-- --------------------------------------------------------

--
-- Структура таблицы `colors`
--

DROP TABLE IF EXISTS `colors`;
CREATE TABLE IF NOT EXISTS `colors` (
  `id` bigint(20) UNSIGNED NOT NULL AUTO_INCREMENT,
  `name` varchar(255) COLLATE utf8mb4_unicode_ci NOT NULL,
  `css_class` varchar(255) COLLATE utf8mb4_unicode_ci NOT NULL,
  `created_at` timestamp NULL DEFAULT NULL,
  `updated_at` timestamp NULL DEFAULT NULL,
  PRIMARY KEY (`id`)
) ENGINE=InnoDB AUTO_INCREMENT=5 DEFAULT CHARSET=utf8mb4 COLLATE=utf8mb4_unicode_ci;

--
-- Очистить таблицу перед добавлением данных `colors`
--

TRUNCATE TABLE `colors`;
--
-- Дамп данных таблицы `colors`
--

INSERT INTO `colors` (`id`, `name`, `css_class`, `created_at`, `updated_at`) VALUES
(1, 'blue', 'primary', '2020-09-02 05:07:13', '2020-09-02 05:07:13'),
(2, 'dark', 'dark', '2020-09-02 05:07:13', '2020-09-02 05:07:13'),
(3, 'yellow', 'warning', '2020-09-02 05:07:13', '2020-09-02 05:07:13'),
(4, 'grey', 'secondary', '2020-09-02 05:07:13', '2020-09-02 05:07:13');

-- --------------------------------------------------------

--
-- Структура таблицы `countries`
--

DROP TABLE IF EXISTS `countries`;
CREATE TABLE IF NOT EXISTS `countries` (
  `id` bigint(20) UNSIGNED NOT NULL AUTO_INCREMENT,
  `name` varchar(255) COLLATE utf8mb4_unicode_ci NOT NULL,
  `created_at` timestamp NULL DEFAULT NULL,
  `updated_at` timestamp NULL DEFAULT NULL,
  PRIMARY KEY (`id`)
) ENGINE=InnoDB AUTO_INCREMENT=11 DEFAULT CHARSET=utf8mb4 COLLATE=utf8mb4_unicode_ci;

--
-- Очистить таблицу перед добавлением данных `countries`
--

TRUNCATE TABLE `countries`;
--
-- Дамп данных таблицы `countries`
--

INSERT INTO `countries` (`id`, `name`, `created_at`, `updated_at`) VALUES
(1, 'Samoa', '2020-09-02 05:07:14', '2020-09-02 05:07:14'),
(2, 'Finland', '2020-09-02 05:07:14', '2020-09-02 05:07:14'),
(3, 'Sudan', '2020-09-02 05:07:14', '2020-09-02 05:07:14'),
(4, 'Portugal', '2020-09-02 05:07:14', '2020-09-02 05:07:14'),
(5, 'Reunion', '2020-09-02 05:07:14', '2020-09-02 05:07:14'),
(6, 'Estonia', '2020-09-02 05:07:14', '2020-09-02 05:07:14'),
(7, 'Luxembourg', '2020-09-02 05:07:15', '2020-09-02 05:07:15'),
(8, 'British Virgin Islands', '2020-09-02 05:07:15', '2020-09-02 05:07:15'),
(9, 'Hong Kong', '2020-09-02 05:07:15', '2020-09-02 05:07:15'),
(10, 'Cameroon', '2020-09-02 05:07:15', '2020-09-02 05:07:15');

-- --------------------------------------------------------

--
-- Структура таблицы `failed_jobs`
--

DROP TABLE IF EXISTS `failed_jobs`;
CREATE TABLE IF NOT EXISTS `failed_jobs` (
  `id` bigint(20) UNSIGNED NOT NULL AUTO_INCREMENT,
  `connection` text COLLATE utf8mb4_unicode_ci NOT NULL,
  `queue` text COLLATE utf8mb4_unicode_ci NOT NULL,
  `payload` longtext COLLATE utf8mb4_unicode_ci NOT NULL,
  `exception` longtext COLLATE utf8mb4_unicode_ci NOT NULL,
  `failed_at` timestamp NOT NULL DEFAULT CURRENT_TIMESTAMP,
  PRIMARY KEY (`id`)
) ENGINE=InnoDB DEFAULT CHARSET=utf8mb4 COLLATE=utf8mb4_unicode_ci;

--
-- Очистить таблицу перед добавлением данных `failed_jobs`
--

TRUNCATE TABLE `failed_jobs`;
-- --------------------------------------------------------

--
-- Структура таблицы `genders`
--

DROP TABLE IF EXISTS `genders`;
CREATE TABLE IF NOT EXISTS `genders` (
  `id` bigint(20) UNSIGNED NOT NULL AUTO_INCREMENT,
  `name` varchar(255) COLLATE utf8mb4_unicode_ci NOT NULL,
  `created_at` timestamp NULL DEFAULT NULL,
  `updated_at` timestamp NULL DEFAULT NULL,
  PRIMARY KEY (`id`)
) ENGINE=InnoDB AUTO_INCREMENT=3 DEFAULT CHARSET=utf8mb4 COLLATE=utf8mb4_unicode_ci;

--
-- Очистить таблицу перед добавлением данных `genders`
--

TRUNCATE TABLE `genders`;
--
-- Дамп данных таблицы `genders`
--

INSERT INTO `genders` (`id`, `name`, `created_at`, `updated_at`) VALUES
(1, 'male', '2020-09-02 05:07:14', '2020-09-02 05:07:14'),
(2, 'female', '2020-09-02 05:07:14', '2020-09-02 05:07:14');

-- --------------------------------------------------------

--
-- Структура таблицы `migrations`
--

DROP TABLE IF EXISTS `migrations`;
CREATE TABLE IF NOT EXISTS `migrations` (
  `id` int(10) UNSIGNED NOT NULL AUTO_INCREMENT,
  `migration` varchar(255) COLLATE utf8mb4_unicode_ci NOT NULL,
  `batch` int(11) NOT NULL,
  PRIMARY KEY (`id`)
) ENGINE=InnoDB AUTO_INCREMENT=25 DEFAULT CHARSET=utf8mb4 COLLATE=utf8mb4_unicode_ci;

--
-- Очистить таблицу перед добавлением данных `migrations`
--

TRUNCATE TABLE `migrations`;
--
-- Дамп данных таблицы `migrations`
--

INSERT INTO `migrations` (`id`, `migration`, `batch`) VALUES
(19, '2014_10_12_000000_create_users_table', 1),
(20, '2014_10_12_100000_create_password_resets_table', 1),
(21, '2019_08_19_000000_create_failed_jobs_table', 1),
(22, '2020_09_01_092351_create_countries_table', 1),
(23, '2020_09_01_120459_create_genders_table', 1),
(24, '2020_09_01_161751_create_colors_table', 1);

-- --------------------------------------------------------

--
-- Структура таблицы `password_resets`
--

DROP TABLE IF EXISTS `password_resets`;
CREATE TABLE IF NOT EXISTS `password_resets` (
  `email` varchar(255) COLLATE utf8mb4_unicode_ci NOT NULL,
  `token` varchar(255) COLLATE utf8mb4_unicode_ci NOT NULL,
  `created_at` timestamp NULL DEFAULT NULL,
  KEY `password_resets_email_index` (`email`)
) ENGINE=InnoDB DEFAULT CHARSET=utf8mb4 COLLATE=utf8mb4_unicode_ci;

--
-- Очистить таблицу перед добавлением данных `password_resets`
--

TRUNCATE TABLE `password_resets`;
-- --------------------------------------------------------

--
-- Структура таблицы `users`
--

DROP TABLE IF EXISTS `users`;
CREATE TABLE IF NOT EXISTS `users` (
  `id` bigint(20) UNSIGNED NOT NULL AUTO_INCREMENT,
  `is_active` tinyint(1) NOT NULL DEFAULT '1',
  `country_id` int(11) NOT NULL,
  `gender_id` int(11) NOT NULL,
  `color_id` int(11) NOT NULL,
  `name` varchar(255) COLLATE utf8mb4_unicode_ci NOT NULL,
  `age` int(11) NOT NULL,
  `height` int(11) NOT NULL,
  `avatar` varchar(255) COLLATE utf8mb4_unicode_ci NOT NULL,
  `email` varchar(255) COLLATE utf8mb4_unicode_ci NOT NULL,
  `email_verified_at` timestamp NULL DEFAULT NULL,
  `password` varchar(255) COLLATE utf8mb4_unicode_ci NOT NULL,
  `remember_token` varchar(100) COLLATE utf8mb4_unicode_ci DEFAULT NULL,
  `created_at` timestamp NULL DEFAULT NULL,
  `updated_at` timestamp NULL DEFAULT NULL,
  PRIMARY KEY (`id`),
  UNIQUE KEY `users_email_unique` (`email`)
) ENGINE=InnoDB AUTO_INCREMENT=91 DEFAULT CHARSET=utf8mb4 COLLATE=utf8mb4_unicode_ci;

--
-- Очистить таблицу перед добавлением данных `users`
--

TRUNCATE TABLE `users`;
--
-- Дамп данных таблицы `users`
--

INSERT INTO `users` (`id`, `is_active`, `country_id`, `gender_id`, `color_id`, `name`, `age`, `height`, `avatar`, `email`, `email_verified_at`, `password`, `remember_token`, `created_at`, `updated_at`) VALUES
(1, 0, 7, 2, 4, 'Idell Kshlerin', 31, 157, '/images/adf5f74e81b06243a29ed5459b429c44.jpg', 'evert82@example.net', '2020-09-02 05:07:16', '$2y$10$92IXUNpkjO0rOQ5byMi.Ye4oKoEa3Ro9llC/.og/at2.uheWG/igi', 'DSRd1691Fv', '2020-09-02 05:07:50', '2020-09-02 05:07:50'),
(2, 0, 8, 2, 3, 'Mafalda Roob', 59, 158, '/images/5e8fa915a44517098c10c1eeb0928b6a.jpg', 'oscar.gleason@example.com', '2020-09-02 05:07:16', '$2y$10$92IXUNpkjO0rOQ5byMi.Ye4oKoEa3Ro9llC/.og/at2.uheWG/igi', 'KzevjhLNg8', '2020-09-02 05:07:50', '2020-09-02 05:07:50'),
(3, 1, 9, 1, 2, 'Prof. Avery Pacocha PhD', 55, 186, '/images/528498e5e37c7f79b09f7ed32c4a4f50.jpg', 'anthony05@example.org', '2020-09-02 05:07:16', '$2y$10$92IXUNpkjO0rOQ5byMi.Ye4oKoEa3Ro9llC/.og/at2.uheWG/igi', 'zgyKEDvGVW', '2020-09-02 05:07:51', '2020-09-02 05:07:51'),
(4, 1, 8, 2, 4, 'Rebecca Lubowitz DVM', 33, 181, '/images/7b80b680e351d3735484a2a9d655aaef.jpg', 'adelbert.stamm@example.com', '2020-09-02 05:07:17', '$2y$10$92IXUNpkjO0rOQ5byMi.Ye4oKoEa3Ro9llC/.og/at2.uheWG/igi', 'EqgL7IIqVH', '2020-09-02 05:07:51', '2020-09-02 05:07:51'),
(5, 0, 4, 1, 2, 'John Lind', 46, 158, '/images/e790c7bfa5b1b61cf9b35c730e47e407.jpg', 'schaden.jeramy@example.net', '2020-09-02 05:07:17', '$2y$10$92IXUNpkjO0rOQ5byMi.Ye4oKoEa3Ro9llC/.og/at2.uheWG/igi', 'UISnTgGW46', '2020-09-02 05:07:51', '2020-09-02 05:07:51'),
(6, 1, 8, 2, 2, 'Vernie Durgan', 47, 157, '/images/0c1266c31a2bb3ec6971cc9eaba9cf33.jpg', 'wbode@example.net', '2020-09-02 05:07:18', '$2y$10$92IXUNpkjO0rOQ5byMi.Ye4oKoEa3Ro9llC/.og/at2.uheWG/igi', 'LJrVeraIm6', '2020-09-02 05:07:51', '2020-09-02 05:07:51'),
(7, 1, 4, 2, 4, 'Nettie Will', 56, 166, '/images/155993c65cab294ab934b60fdb14bec8.jpg', 'judson.hayes@example.org', '2020-09-02 05:07:18', '$2y$10$92IXUNpkjO0rOQ5byMi.Ye4oKoEa3Ro9llC/.og/at2.uheWG/igi', 'MVSYJF087p', '2020-09-02 05:07:51', '2020-09-02 05:07:51'),
(8, 0, 6, 2, 3, 'Prof. Brayan Konopelski Jr.', 37, 160, '/images/6c199218eb5f660f35d9c2444b27a353.jpg', 'becker.albin@example.com', '2020-09-02 05:07:18', '$2y$10$92IXUNpkjO0rOQ5byMi.Ye4oKoEa3Ro9llC/.og/at2.uheWG/igi', 'pCSUOYlXKX', '2020-09-02 05:07:51', '2020-09-02 05:07:51'),
(9, 0, 7, 2, 1, 'Asia Dicki IV', 50, 190, '/images/28414799b456abf739ca4e7cd6b98cc9.jpg', 'aniyah63@example.net', '2020-09-02 05:07:19', '$2y$10$92IXUNpkjO0rOQ5byMi.Ye4oKoEa3Ro9llC/.og/at2.uheWG/igi', 'MuYTDuy8Np', '2020-09-02 05:07:51', '2020-09-02 05:07:51'),
(10, 1, 8, 1, 1, 'Ilene Luettgen', 58, 176, '/images/fe8da5cf480e17fb3957f395781a6941.jpg', 'priscilla.leffler@example.org', '2020-09-02 05:07:19', '$2y$10$92IXUNpkjO0rOQ5byMi.Ye4oKoEa3Ro9llC/.og/at2.uheWG/igi', 'dRNGzFXL3F', '2020-09-02 05:07:51', '2020-09-02 05:07:51'),
(11, 1, 2, 2, 4, 'Mrs. Shany Fritsch', 52, 141, '/images/3886a69b114f12099e81603cf7d7e397.jpg', 'quigley.isabella@example.org', '2020-09-02 05:07:19', '$2y$10$92IXUNpkjO0rOQ5byMi.Ye4oKoEa3Ro9llC/.og/at2.uheWG/igi', 'lFnhuAtCQU', '2020-09-02 05:07:51', '2020-09-02 05:07:51'),
(12, 1, 2, 2, 4, 'Peter Blick DVM', 29, 138, '/images/d54aae88dbcededfe818d984a71875ce.jpg', 'norberto82@example.com', '2020-09-02 05:07:20', '$2y$10$92IXUNpkjO0rOQ5byMi.Ye4oKoEa3Ro9llC/.og/at2.uheWG/igi', 'QyVJjZ15xm', '2020-09-02 05:07:52', '2020-09-02 05:07:52'),
(13, 1, 3, 1, 4, 'Cornelius Kuhn', 34, 179, '/images/1f45c20fc1e655673e67553aabbd526e.jpg', 'ebert.millie@example.net', '2020-09-02 05:07:20', '$2y$10$92IXUNpkjO0rOQ5byMi.Ye4oKoEa3Ro9llC/.og/at2.uheWG/igi', 'tHSBHFbQeI', '2020-09-02 05:07:52', '2020-09-02 05:07:52'),
(14, 0, 8, 1, 4, 'Caesar Mayert', 26, 141, '/images/a7c742ded660f03644a018644cb1b89c.jpg', 'mkoch@example.net', '2020-09-02 05:07:21', '$2y$10$92IXUNpkjO0rOQ5byMi.Ye4oKoEa3Ro9llC/.og/at2.uheWG/igi', 'qA0JCMiS2g', '2020-09-02 05:07:52', '2020-09-02 05:07:52'),
(15, 0, 10, 1, 3, 'Sigmund Bergnaum', 14, 189, '/images/43744e3540b904a98b76a3daff8ccecd.jpg', 'rempel.kendra@example.net', '2020-09-02 05:07:21', '$2y$10$92IXUNpkjO0rOQ5byMi.Ye4oKoEa3Ro9llC/.og/at2.uheWG/igi', 'wOSXaSwtnO', '2020-09-02 05:07:52', '2020-09-02 05:07:52'),
(16, 0, 5, 1, 2, 'Ernest Kilback II', 50, 159, '/images/6dd4ec45f6604d4c2c2537f7e6ac7725.jpg', 'ahills@example.org', '2020-09-02 05:07:21', '$2y$10$92IXUNpkjO0rOQ5byMi.Ye4oKoEa3Ro9llC/.og/at2.uheWG/igi', '39loBQDQce', '2020-09-02 05:07:52', '2020-09-02 05:07:52'),
(17, 1, 3, 1, 2, 'Mr. Trevion Muller III', 26, 184, '/images/bc38977067e685a0a9d2fd8b131b9f80.jpg', 'garth18@example.com', '2020-09-02 05:07:22', '$2y$10$92IXUNpkjO0rOQ5byMi.Ye4oKoEa3Ro9llC/.og/at2.uheWG/igi', 'vhCyKBUWSz', '2020-09-02 05:07:52', '2020-09-02 05:07:52'),
(18, 1, 7, 1, 1, 'Ms. Kaylie Deckow', 26, 177, '/images/97b4453d8fe4a4f79d019918bdaeacdc.jpg', 'elliott81@example.org', '2020-09-02 05:07:22', '$2y$10$92IXUNpkjO0rOQ5byMi.Ye4oKoEa3Ro9llC/.og/at2.uheWG/igi', '4tnRQksxfb', '2020-09-02 05:07:52', '2020-09-02 05:07:52'),
(19, 0, 9, 1, 3, 'Margaret Auer', 47, 151, '/images/cc937f7d0f55e2b7021bca1148df1b48.jpg', 'bernie.ryan@example.net', '2020-09-02 05:07:23', '$2y$10$92IXUNpkjO0rOQ5byMi.Ye4oKoEa3Ro9llC/.og/at2.uheWG/igi', 'wLp4OmxnPO', '2020-09-02 05:07:52', '2020-09-02 05:07:52'),
(20, 1, 6, 1, 4, 'Mrs. Johanna Cummerata', 13, 156, '/images/3d3233c33dbabd8fd5035955b28d133a.jpg', 'pharris@example.org', '2020-09-02 05:07:23', '$2y$10$92IXUNpkjO0rOQ5byMi.Ye4oKoEa3Ro9llC/.og/at2.uheWG/igi', 'z6bb8PuQuD', '2020-09-02 05:07:52', '2020-09-02 05:07:52'),
(21, 0, 2, 1, 3, 'Roxanne Flatley', 64, 179, '/images/be89e8aabcde56720836f41b0434ee9a.jpg', 'murazik.sincere@example.net', '2020-09-02 05:07:23', '$2y$10$92IXUNpkjO0rOQ5byMi.Ye4oKoEa3Ro9llC/.og/at2.uheWG/igi', 'SFWy3Qyajd', '2020-09-02 05:07:53', '2020-09-02 05:07:53'),
(22, 0, 9, 1, 4, 'Ms. Abigail Oberbrunner', 37, 194, '/images/2a46a09940575012b6a34347798990ca.jpg', 'hettinger.thad@example.org', '2020-09-02 05:07:24', '$2y$10$92IXUNpkjO0rOQ5byMi.Ye4oKoEa3Ro9llC/.og/at2.uheWG/igi', 'qN56afz4Rp', '2020-09-02 05:07:53', '2020-09-02 05:07:53'),
(23, 0, 4, 2, 1, 'Prof. Jeanette Bashirian', 54, 175, '/images/97328e5414372e9c86feb210d4646069.jpg', 'florencio.cassin@example.org', '2020-09-02 05:07:24', '$2y$10$92IXUNpkjO0rOQ5byMi.Ye4oKoEa3Ro9llC/.og/at2.uheWG/igi', '8gSaP6CxI1', '2020-09-02 05:07:53', '2020-09-02 05:07:53'),
(24, 0, 3, 1, 2, 'Dr. Hershel Wintheiser PhD', 40, 166, '/images/66de39f84fab82f21a5f0b37e7c45196.jpg', 'cartwright.sheridan@example.org', '2020-09-02 05:07:25', '$2y$10$92IXUNpkjO0rOQ5byMi.Ye4oKoEa3Ro9llC/.og/at2.uheWG/igi', 'lpZZNBbDgq', '2020-09-02 05:07:53', '2020-09-02 05:07:53'),
(25, 0, 3, 1, 4, 'Dr. Carmela Block', 36, 140, '/images/c9b94d8400cbc3f09c22d8dfee679057.jpg', 'jfeeney@example.net', '2020-09-02 05:07:25', '$2y$10$92IXUNpkjO0rOQ5byMi.Ye4oKoEa3Ro9llC/.og/at2.uheWG/igi', 'w0Mbwum1IY', '2020-09-02 05:07:53', '2020-09-02 05:07:53'),
(26, 1, 2, 1, 1, 'Dr. Keara Schumm DDS', 53, 136, '/images/90391cbf6b3abec52aeeb2310c30a402.jpg', 'torp.roselyn@example.net', '2020-09-02 05:07:25', '$2y$10$92IXUNpkjO0rOQ5byMi.Ye4oKoEa3Ro9llC/.og/at2.uheWG/igi', 'nUgOvS1xSY', '2020-09-02 05:07:53', '2020-09-02 05:07:53'),
(27, 1, 1, 1, 1, 'Reyes Walsh', 48, 141, '/images/05dda30c03368265ba8717d057010b52.jpg', 'bgraham@example.net', '2020-09-02 05:07:26', '$2y$10$92IXUNpkjO0rOQ5byMi.Ye4oKoEa3Ro9llC/.og/at2.uheWG/igi', 'aHejCK9L1A', '2020-09-02 05:07:53', '2020-09-02 05:07:53'),
(28, 1, 7, 1, 2, 'Devyn Jerde', 25, 154, '/images/ab7fe6dcf4a9a03a613bf240412b3b0f.jpg', 'weber.gage@example.org', '2020-09-02 05:07:26', '$2y$10$92IXUNpkjO0rOQ5byMi.Ye4oKoEa3Ro9llC/.og/at2.uheWG/igi', 'yXyxof5KFC', '2020-09-02 05:07:53', '2020-09-02 05:07:53'),
(29, 1, 10, 2, 3, 'Kallie Hickle MD', 28, 168, '/images/33dcbd93f7f8d6b844a4a64bfe91b1ee.jpg', 'mariane.effertz@example.com', '2020-09-02 05:07:26', '$2y$10$92IXUNpkjO0rOQ5byMi.Ye4oKoEa3Ro9llC/.og/at2.uheWG/igi', '4IkxxSWkvq', '2020-09-02 05:07:54', '2020-09-02 05:07:54'),
(30, 0, 10, 2, 1, 'Gonzalo Legros', 58, 194, '/images/a7a825b6aa69e67201033ed5a4eb967e.jpg', 'yazmin76@example.org', '2020-09-02 05:07:27', '$2y$10$92IXUNpkjO0rOQ5byMi.Ye4oKoEa3Ro9llC/.og/at2.uheWG/igi', 'NKlsxGQtKC', '2020-09-02 05:07:54', '2020-09-02 05:07:54'),
(31, 1, 2, 1, 3, 'Finn Jenkins DVM', 48, 142, '/images/25d735f492b373d56243b00fbabc17ca.jpg', 'oberbrunner.anika@example.com', '2020-09-02 05:07:27', '$2y$10$92IXUNpkjO0rOQ5byMi.Ye4oKoEa3Ro9llC/.og/at2.uheWG/igi', 'rXsGkOoqZw', '2020-09-02 05:07:54', '2020-09-02 05:07:54'),
(32, 0, 4, 1, 4, 'Elody Quitzon', 65, 173, '/images/cc3ff7f4c4506a59e8dcf7c0d0710c90.jpg', 'crunolfsdottir@example.net', '2020-09-02 05:07:28', '$2y$10$92IXUNpkjO0rOQ5byMi.Ye4oKoEa3Ro9llC/.og/at2.uheWG/igi', 'cHFOqg6xU9', '2020-09-02 05:07:54', '2020-09-02 05:07:54'),
(33, 1, 6, 2, 2, 'Prof. Maureen Thiel', 20, 148, '/images/55dfb2b5abe915d063fb7c5839a21088.jpg', 'jennie03@example.net', '2020-09-02 05:07:28', '$2y$10$92IXUNpkjO0rOQ5byMi.Ye4oKoEa3Ro9llC/.og/at2.uheWG/igi', '1xab5BHSYY', '2020-09-02 05:07:54', '2020-09-02 05:07:54'),
(34, 1, 8, 2, 3, 'Lea O\'Conner', 15, 137, '/images/fd407b524edafcadafada84a8ce2c585.jpg', 'murazik.lonzo@example.com', '2020-09-02 05:07:28', '$2y$10$92IXUNpkjO0rOQ5byMi.Ye4oKoEa3Ro9llC/.og/at2.uheWG/igi', '0cBvByHUvs', '2020-09-02 05:07:54', '2020-09-02 05:07:54'),
(35, 0, 3, 2, 1, 'Prof. Marcos Ferry MD', 26, 156, '/images/9c84115ba42589f9d6e15ec87616d861.jpg', 'sauer.stacy@example.com', '2020-09-02 05:07:29', '$2y$10$92IXUNpkjO0rOQ5byMi.Ye4oKoEa3Ro9llC/.og/at2.uheWG/igi', 'Cvh3ggiUqw', '2020-09-02 05:07:54', '2020-09-02 05:07:54'),
(36, 1, 2, 2, 2, 'Tina Conroy', 54, 186, '/images/87e83f9807a9a32bc948e6f6031e9c6e.jpg', 'jordane.smitham@example.org', '2020-09-02 05:07:29', '$2y$10$92IXUNpkjO0rOQ5byMi.Ye4oKoEa3Ro9llC/.og/at2.uheWG/igi', 'nScb7Kt5bP', '2020-09-02 05:07:54', '2020-09-02 05:07:54'),
(37, 1, 7, 1, 3, 'Prof. Jedediah Rowe', 43, 151, '/images/0b30c532b8ad868d979eeb6f2a955c10.jpg', 'qkertzmann@example.org', '2020-09-02 05:07:30', '$2y$10$92IXUNpkjO0rOQ5byMi.Ye4oKoEa3Ro9llC/.og/at2.uheWG/igi', 'FzfAVKgUl0', '2020-09-02 05:07:54', '2020-09-02 05:07:54'),
(38, 0, 5, 1, 3, 'Mariana Shanahan', 13, 150, '/images/e92404d164aaa031130b796044c8c848.jpg', 'clarabelle.wiegand@example.com', '2020-09-02 05:07:30', '$2y$10$92IXUNpkjO0rOQ5byMi.Ye4oKoEa3Ro9llC/.og/at2.uheWG/igi', 'HizCX9aD6T', '2020-09-02 05:07:55', '2020-09-02 05:07:55'),
(39, 1, 8, 1, 1, 'Nils Bailey V', 26, 149, '/images/7c6c7e9966168a1aca4a9489c7a651b2.jpg', 'sadye42@example.net', '2020-09-02 05:07:30', '$2y$10$92IXUNpkjO0rOQ5byMi.Ye4oKoEa3Ro9llC/.og/at2.uheWG/igi', 'RYVHmofAJg', '2020-09-02 05:07:55', '2020-09-02 05:07:55'),
(40, 1, 9, 1, 2, 'Camilla Fadel', 36, 155, '/images/4e3c0198100da3c35e81f8aa8f6c8b5a.jpg', 'bernhard.alice@example.org', '2020-09-02 05:07:31', '$2y$10$92IXUNpkjO0rOQ5byMi.Ye4oKoEa3Ro9llC/.og/at2.uheWG/igi', 'IC9MX48ntb', '2020-09-02 05:07:55', '2020-09-02 05:07:55'),
(41, 0, 3, 1, 1, 'Dr. Delores Beer V', 58, 204, '/images/08d498dc0399cf6c70ce47d5cde81b6e.jpg', 'turner.aaliyah@example.net', '2020-09-02 05:07:31', '$2y$10$92IXUNpkjO0rOQ5byMi.Ye4oKoEa3Ro9llC/.og/at2.uheWG/igi', 'ypEpXO5RGi', '2020-09-02 05:07:55', '2020-09-02 05:07:55'),
(42, 0, 3, 1, 2, 'Mr. Percival Reilly PhD', 50, 193, '/images/0ab53f2aa486def048961b91d1b7721a.jpg', 'wendy31@example.org', '2020-09-02 05:07:32', '$2y$10$92IXUNpkjO0rOQ5byMi.Ye4oKoEa3Ro9llC/.og/at2.uheWG/igi', 'xeZAbPeuMC', '2020-09-02 05:07:55', '2020-09-02 05:07:55'),
(43, 1, 2, 2, 3, 'Prof. Bartholome Watsica I', 40, 187, '/images/5db0e7204fdb3bca96a0b71e59cf15a8.jpg', 'qchamplin@example.net', '2020-09-02 05:07:32', '$2y$10$92IXUNpkjO0rOQ5byMi.Ye4oKoEa3Ro9llC/.og/at2.uheWG/igi', 'xLKlJ4W0Dz', '2020-09-02 05:07:55', '2020-09-02 05:07:55'),
(44, 1, 2, 2, 4, 'Miss Dortha Stark', 27, 159, '/images/0f8f2a0ebe08705577aa6c5a361ba3b1.jpg', 'bnicolas@example.org', '2020-09-02 05:07:32', '$2y$10$92IXUNpkjO0rOQ5byMi.Ye4oKoEa3Ro9llC/.og/at2.uheWG/igi', 'wfdekRqJKx', '2020-09-02 05:07:55', '2020-09-02 05:07:55'),
(45, 1, 10, 1, 2, 'Carlee Becker', 20, 150, '/images/48d610e13a4cf5e8ea1ca999c2ca5257.jpg', 'khalid.kassulke@example.com', '2020-09-02 05:07:33', '$2y$10$92IXUNpkjO0rOQ5byMi.Ye4oKoEa3Ro9llC/.og/at2.uheWG/igi', 'Kq6QQ1STVg', '2020-09-02 05:07:55', '2020-09-02 05:07:55'),
(46, 0, 4, 1, 2, 'Dr. Estelle Wilkinson IV', 58, 199, '/images/6c1f9ccac4e0f88e38cd7aafff4c3097.jpg', 'howe.caesar@example.org', '2020-09-02 05:07:33', '$2y$10$92IXUNpkjO0rOQ5byMi.Ye4oKoEa3Ro9llC/.og/at2.uheWG/igi', 'JzhiAUz8fJ', '2020-09-02 05:07:55', '2020-09-02 05:07:55'),
(47, 1, 3, 1, 4, 'Dixie Upton', 35, 139, '/images/0e60266b1a21ae54e9d383519f112c9d.jpg', 'elmo05@example.com', '2020-09-02 05:07:34', '$2y$10$92IXUNpkjO0rOQ5byMi.Ye4oKoEa3Ro9llC/.og/at2.uheWG/igi', 'fpfrI28KQv', '2020-09-02 05:07:55', '2020-09-02 05:07:55'),
(48, 1, 3, 2, 2, 'Mrs. Makenzie Abernathy Jr.', 32, 184, '/images/98abfa21f2bde3d2ec74b6a0dccf29cb.jpg', 'taya.altenwerth@example.net', '2020-09-02 05:07:34', '$2y$10$92IXUNpkjO0rOQ5byMi.Ye4oKoEa3Ro9llC/.og/at2.uheWG/igi', 'NadlipetfB', '2020-09-02 05:07:56', '2020-09-02 05:07:56'),
(49, 0, 4, 1, 4, 'Mrs. Lavonne Kessler PhD', 59, 205, '/images/070d2458667e987e3ac3286f7c282467.jpg', 'gemmerich@example.com', '2020-09-02 05:07:34', '$2y$10$92IXUNpkjO0rOQ5byMi.Ye4oKoEa3Ro9llC/.og/at2.uheWG/igi', 'VC6PIgCIGR', '2020-09-02 05:07:56', '2020-09-02 05:07:56'),
(50, 0, 3, 1, 3, 'Rosemarie Hane', 40, 171, '/images/03456a86975ce01ee70122dfb2a884b8.jpg', 'lockman.emory@example.net', '2020-09-02 05:07:35', '$2y$10$92IXUNpkjO0rOQ5byMi.Ye4oKoEa3Ro9llC/.og/at2.uheWG/igi', 'd79FDjY7Cw', '2020-09-02 05:07:56', '2020-09-02 05:07:56'),
(51, 0, 1, 1, 1, 'Mrs. Beverly Erdman', 47, 173, '/images/92c259cedfe75595d3d9e908ae8e7a1e.jpg', 'uschamberger@example.com', '2020-09-02 05:07:35', '$2y$10$92IXUNpkjO0rOQ5byMi.Ye4oKoEa3Ro9llC/.og/at2.uheWG/igi', 'EjDBwfBxbI', '2020-09-02 05:07:56', '2020-09-02 05:07:56'),
(52, 0, 9, 2, 3, 'Marilie Mante PhD', 27, 176, '/images/f286bf0d07c58a1dfdf397d75688dd53.jpg', 'clemens72@example.net', '2020-09-02 05:07:35', '$2y$10$92IXUNpkjO0rOQ5byMi.Ye4oKoEa3Ro9llC/.og/at2.uheWG/igi', 'JiN6jIx5Mz', '2020-09-02 05:07:56', '2020-09-02 05:07:56'),
(53, 1, 1, 2, 2, 'Mrs. Cydney Stokes Jr.', 58, 192, '/images/2a849df85b03512544ebaf9d7b4a91d3.jpg', 'lon.dickens@example.org', '2020-09-02 05:07:36', '$2y$10$92IXUNpkjO0rOQ5byMi.Ye4oKoEa3Ro9llC/.og/at2.uheWG/igi', 'KIUJ2IMu50', '2020-09-02 05:07:56', '2020-09-02 05:07:56'),
(54, 0, 6, 1, 4, 'Prof. Eldora Spencer I', 61, 191, '/images/a111310ac2da3235510853d2cc5b8109.jpg', 'jillian.gulgowski@example.org', '2020-09-02 05:07:36', '$2y$10$92IXUNpkjO0rOQ5byMi.Ye4oKoEa3Ro9llC/.og/at2.uheWG/igi', 'futBskPqiX', '2020-09-02 05:07:56', '2020-09-02 05:07:56'),
(55, 0, 4, 2, 3, 'Dr. Alford Gaylord', 28, 197, '/images/c45cbb8027b1a93500032ab353bfdc98.jpg', 'ora.considine@example.com', '2020-09-02 05:07:37', '$2y$10$92IXUNpkjO0rOQ5byMi.Ye4oKoEa3Ro9llC/.og/at2.uheWG/igi', 'ydPJUUVkA9', '2020-09-02 05:07:57', '2020-09-02 05:07:57'),
(56, 0, 5, 1, 2, 'Patience Bogan', 59, 188, '/images/bba98854d0e653dbdf794a8b5740dc41.jpg', 'monserrat.smitham@example.net', '2020-09-02 05:07:37', '$2y$10$92IXUNpkjO0rOQ5byMi.Ye4oKoEa3Ro9llC/.og/at2.uheWG/igi', '2eK9tMAeeD', '2020-09-02 05:07:57', '2020-09-02 05:07:57'),
(57, 0, 2, 2, 4, 'Prof. Mason Schuppe', 22, 159, '/images/fa86f72fabcdcfbeca5e8dacf0b2ae04.jpg', 'nelle54@example.com', '2020-09-02 05:07:38', '$2y$10$92IXUNpkjO0rOQ5byMi.Ye4oKoEa3Ro9llC/.og/at2.uheWG/igi', 'JtqGoog4gI', '2020-09-02 05:07:57', '2020-09-02 05:07:57'),
(58, 1, 9, 2, 3, 'Mr. Joel Senger', 22, 193, '/images/fb99792cdbe443806c0050ca5f2c8a58.jpg', 'keanu42@example.com', '2020-09-02 05:07:38', '$2y$10$92IXUNpkjO0rOQ5byMi.Ye4oKoEa3Ro9llC/.og/at2.uheWG/igi', '9doQq6DhIW', '2020-09-02 05:07:57', '2020-09-02 05:07:57'),
(59, 0, 3, 2, 1, 'Prof. Dino Moen', 29, 203, '/images/de0a63472da3fecbb4421277d5f49739.jpg', 'jroob@example.net', '2020-09-02 05:07:38', '$2y$10$92IXUNpkjO0rOQ5byMi.Ye4oKoEa3Ro9llC/.og/at2.uheWG/igi', 'bkHlfEZGML', '2020-09-02 05:07:57', '2020-09-02 05:07:57'),
(60, 0, 5, 1, 1, 'Prof. Sigmund Lowe', 39, 150, '/images/d4dfce5dc9f3e8432bd00a40f4cc29a6.jpg', 'reba.langosh@example.org', '2020-09-02 05:07:39', '$2y$10$92IXUNpkjO0rOQ5byMi.Ye4oKoEa3Ro9llC/.og/at2.uheWG/igi', 'MZA6mPPCMP', '2020-09-02 05:07:57', '2020-09-02 05:07:57'),
(61, 0, 2, 2, 2, 'Ceasar Shanahan', 64, 174, '/images/1f731f3a529f0be7edc6048151d19402.jpg', 'fschmitt@example.com', '2020-09-02 05:07:39', '$2y$10$92IXUNpkjO0rOQ5byMi.Ye4oKoEa3Ro9llC/.og/at2.uheWG/igi', '1JA38NZ5y5', '2020-09-02 05:07:57', '2020-09-02 05:07:57'),
(62, 0, 7, 2, 1, 'Joyce Denesik', 49, 188, '/images/742d3ddf26963c5cff50760013447417.jpg', 'haven.kemmer@example.net', '2020-09-02 05:07:40', '$2y$10$92IXUNpkjO0rOQ5byMi.Ye4oKoEa3Ro9llC/.og/at2.uheWG/igi', 'ZI5w8Snd1r', '2020-09-02 05:07:57', '2020-09-02 05:07:57'),
(63, 0, 8, 2, 1, 'Matilde Powlowski V', 61, 167, '/images/1a5b7d959a728d2d2669f147a56e9f8d.jpg', 'lauren99@example.net', '2020-09-02 05:07:40', '$2y$10$92IXUNpkjO0rOQ5byMi.Ye4oKoEa3Ro9llC/.og/at2.uheWG/igi', '41cZbjCpxi', '2020-09-02 05:07:57', '2020-09-02 05:07:57'),
(64, 0, 8, 2, 1, 'Bertram Langworth', 56, 167, '/images/8922677236b9b56f020edd9d3b9dea78.jpg', 'oceane.beatty@example.com', '2020-09-02 05:07:40', '$2y$10$92IXUNpkjO0rOQ5byMi.Ye4oKoEa3Ro9llC/.og/at2.uheWG/igi', 'EwDWvujwh9', '2020-09-02 05:07:58', '2020-09-02 05:07:58'),
(65, 1, 5, 1, 1, 'Fermin Boehm', 47, 138, '/images/ae034ad9f629b6c6a743e057891c1b5e.jpg', 'hilda64@example.net', '2020-09-02 05:07:41', '$2y$10$92IXUNpkjO0rOQ5byMi.Ye4oKoEa3Ro9llC/.og/at2.uheWG/igi', 'Qgxscp6GZv', '2020-09-02 05:07:58', '2020-09-02 05:07:58'),
(66, 0, 2, 2, 4, 'Adriel Rau', 48, 174, '/images/21a0e12acfb1d6563a315d933cf62c8f.jpg', 'kuhic.ronaldo@example.org', '2020-09-02 05:07:41', '$2y$10$92IXUNpkjO0rOQ5byMi.Ye4oKoEa3Ro9llC/.og/at2.uheWG/igi', 'vXrxOLtxd2', '2020-09-02 05:07:58', '2020-09-02 05:07:58'),
(67, 1, 3, 1, 3, 'Eulalia Conroy', 41, 135, '/images/80966ee1f93a31d0e4a11e0694ee6c4c.jpg', 'phahn@example.com', '2020-09-02 05:07:41', '$2y$10$92IXUNpkjO0rOQ5byMi.Ye4oKoEa3Ro9llC/.og/at2.uheWG/igi', 'jNSZFfMTNM', '2020-09-02 05:07:58', '2020-09-02 05:07:58'),
(68, 0, 4, 2, 4, 'Dr. Danial Johnson', 32, 170, '/images/457d2454c8a4c7e14b9872c030f41484.jpg', 'ecremin@example.net', '2020-09-02 05:07:42', '$2y$10$92IXUNpkjO0rOQ5byMi.Ye4oKoEa3Ro9llC/.og/at2.uheWG/igi', 'zOrfGQ0NfY', '2020-09-02 05:07:58', '2020-09-02 05:07:58'),
(69, 0, 2, 1, 2, 'Mr. Delmer Sipes MD', 29, 197, '/images/b288a14c9dccd407e984c04353c24c4a.jpg', 'elza41@example.org', '2020-09-02 05:07:42', '$2y$10$92IXUNpkjO0rOQ5byMi.Ye4oKoEa3Ro9llC/.og/at2.uheWG/igi', 'kowBcKUVTS', '2020-09-02 05:07:58', '2020-09-02 05:07:58'),
(70, 0, 10, 2, 1, 'Delia Terry', 41, 166, '/images/9cebec79585ae14ff278af1ff14eda2c.jpg', 'baumbach.ramiro@example.com', '2020-09-02 05:07:43', '$2y$10$92IXUNpkjO0rOQ5byMi.Ye4oKoEa3Ro9llC/.og/at2.uheWG/igi', '7wMh2gQWaP', '2020-09-02 05:07:58', '2020-09-02 05:07:58'),
(71, 0, 5, 1, 2, 'Pauline Macejkovic', 41, 172, '/images/d7f0c747ee9e6a5815c1e09c072e323c.jpg', 'amos57@example.org', '2020-09-02 05:07:43', '$2y$10$92IXUNpkjO0rOQ5byMi.Ye4oKoEa3Ro9llC/.og/at2.uheWG/igi', '6PKau0LeY8', '2020-09-02 05:07:58', '2020-09-02 05:07:58'),
(72, 0, 4, 1, 1, 'Dr. Glenda Kozey Sr.', 46, 175, '/images/e4b21469b35c69c69770e9a1c7cfd112.jpg', 'ken39@example.com', '2020-09-02 05:07:43', '$2y$10$92IXUNpkjO0rOQ5byMi.Ye4oKoEa3Ro9llC/.og/at2.uheWG/igi', 'kWl5uSjSbx', '2020-09-02 05:07:59', '2020-09-02 05:07:59'),
(73, 0, 7, 2, 4, 'Amara Weber', 54, 142, '/images/a99921c37fa36b30c5f3ccab010eb9e7.jpg', 'mante.rogelio@example.com', '2020-09-02 05:07:44', '$2y$10$92IXUNpkjO0rOQ5byMi.Ye4oKoEa3Ro9llC/.og/at2.uheWG/igi', '1pYOtTIrHP', '2020-09-02 05:07:59', '2020-09-02 05:07:59'),
(74, 1, 3, 1, 4, 'Kirk Marks', 57, 167, '/images/b9bac35e18bb771cf238625835a063d4.jpg', 'will.julie@example.net', '2020-09-02 05:07:44', '$2y$10$92IXUNpkjO0rOQ5byMi.Ye4oKoEa3Ro9llC/.og/at2.uheWG/igi', 'DvlNOaCsUL', '2020-09-02 05:07:59', '2020-09-02 05:07:59'),
(75, 1, 5, 1, 2, 'Mr. Abdullah Stokes', 40, 173, '/images/dbcca1b3aaae71e3d57cc72d5ed4de89.jpg', 'mertz.selmer@example.net', '2020-09-02 05:07:45', '$2y$10$92IXUNpkjO0rOQ5byMi.Ye4oKoEa3Ro9llC/.og/at2.uheWG/igi', 'l2ikKkTIEk', '2020-09-02 05:07:59', '2020-09-02 05:07:59'),
(76, 1, 10, 1, 2, 'Denis Torphy IV', 58, 204, '/images/9bc3a0d8e3f6a0457ab98898876ed225.jpg', 'mohr.alisa@example.com', '2020-09-02 05:07:45', '$2y$10$92IXUNpkjO0rOQ5byMi.Ye4oKoEa3Ro9llC/.og/at2.uheWG/igi', 'SLBJPHO6bs', '2020-09-02 05:07:59', '2020-09-02 05:07:59'),
(77, 1, 7, 2, 2, 'Colin Bergstrom', 56, 168, '/images/d227a7a46d858aa7bba1bf4bd06937d7.jpg', 'tommie.schowalter@example.com', '2020-09-02 05:07:45', '$2y$10$92IXUNpkjO0rOQ5byMi.Ye4oKoEa3Ro9llC/.og/at2.uheWG/igi', 'CPJ6GOYY0q', '2020-09-02 05:07:59', '2020-09-02 05:07:59'),
(78, 0, 2, 2, 1, 'Miss Shea Weissnat', 28, 136, '/images/68be7422007135ac0028f0f02714274a.jpg', 'trenner@example.com', '2020-09-02 05:07:46', '$2y$10$92IXUNpkjO0rOQ5byMi.Ye4oKoEa3Ro9llC/.og/at2.uheWG/igi', 'QnntfDUQA2', '2020-09-02 05:07:59', '2020-09-02 05:07:59'),
(79, 0, 3, 1, 2, 'Maryjane Kuvalis', 62, 147, '/images/3f6b816b3998b80d605b9d62fe9f21bd.jpg', 'moen.brady@example.com', '2020-09-02 05:07:46', '$2y$10$92IXUNpkjO0rOQ5byMi.Ye4oKoEa3Ro9llC/.og/at2.uheWG/igi', 'XBZBLX5hO7', '2020-09-02 05:08:00', '2020-09-02 05:08:00'),
(80, 0, 1, 1, 2, 'Katharina Weber I', 61, 163, '/images/4a13520923bee3817af042132c5e59c3.jpg', 'chessel@example.org', '2020-09-02 05:07:47', '$2y$10$92IXUNpkjO0rOQ5byMi.Ye4oKoEa3Ro9llC/.og/at2.uheWG/igi', '7z3S1vIr9H', '2020-09-02 05:08:00', '2020-09-02 05:08:00'),
(81, 0, 7, 1, 4, 'Tad Erdman', 33, 164, '/images/6c74b32cf1bafdb6c91fcf326f8ee8cf.jpg', 'estevan34@example.net', '2020-09-02 05:07:47', '$2y$10$92IXUNpkjO0rOQ5byMi.Ye4oKoEa3Ro9llC/.og/at2.uheWG/igi', 'lEw8rBy47c', '2020-09-02 05:08:00', '2020-09-02 05:08:00'),
(82, 1, 3, 1, 2, 'Miss Deborah Lakin', 27, 203, '/images/2f45567f28adbe0e998fdae0cb54be67.jpg', 'dwolf@example.net', '2020-09-02 05:07:47', '$2y$10$92IXUNpkjO0rOQ5byMi.Ye4oKoEa3Ro9llC/.og/at2.uheWG/igi', 'reJaVKLBrM', '2020-09-02 05:08:00', '2020-09-02 05:08:00'),
(83, 1, 4, 1, 4, 'Justine Volkman', 59, 201, '/images/cca3109b1d58f99b0f4af6a09705b227.jpg', 'jkautzer@example.net', '2020-09-02 05:07:48', '$2y$10$92IXUNpkjO0rOQ5byMi.Ye4oKoEa3Ro9llC/.og/at2.uheWG/igi', 'SuBEtX4KoA', '2020-09-02 05:08:01', '2020-09-02 05:08:01'),
(84, 1, 10, 2, 4, 'Dr. Krista Champlin DVM', 49, 190, '/images/c86e6a15a34ba6e7ecde7434fd1ca942.jpg', 'lind.vella@example.com', '2020-09-02 05:07:48', '$2y$10$92IXUNpkjO0rOQ5byMi.Ye4oKoEa3Ro9llC/.og/at2.uheWG/igi', 'hfKWQY49mq', '2020-09-02 05:08:01', '2020-09-02 05:08:01'),
(85, 0, 1, 1, 3, 'Rogelio Huels', 56, 182, '/images/87849454f43b7d76f1f1039aa426a9ba.jpg', 'lexus.hoppe@example.org', '2020-09-02 05:07:48', '$2y$10$92IXUNpkjO0rOQ5byMi.Ye4oKoEa3Ro9llC/.og/at2.uheWG/igi', '09agRgM8Qz', '2020-09-02 05:08:01', '2020-09-02 05:08:01'),
(86, 1, 8, 1, 4, 'Cedrick Rosenbaum', 19, 166, '/images/7e79ce2cc495c56b9710df31cfc9f93e.jpg', 'von.pat@example.com', '2020-09-02 05:07:49', '$2y$10$92IXUNpkjO0rOQ5byMi.Ye4oKoEa3Ro9llC/.og/at2.uheWG/igi', 'XWVFsOTQ8l', '2020-09-02 05:08:01', '2020-09-02 05:08:01'),
(87, 1, 1, 1, 4, 'Mr. Eldred Fadel III', 19, 145, '/images/f32379ffecdd13a1945ea620632889da.jpg', 'umedhurst@example.org', '2020-09-02 05:07:49', '$2y$10$92IXUNpkjO0rOQ5byMi.Ye4oKoEa3Ro9llC/.og/at2.uheWG/igi', 'y3v8cmpXXP', '2020-09-02 05:08:02', '2020-09-02 05:08:02'),
(88, 1, 5, 2, 3, 'Fred Jenkins Jr.', 18, 167, '/images/4b115265fccfe87e46e579804af2cc07.jpg', 'hammes.mazie@example.com', '2020-09-02 05:07:50', '$2y$10$92IXUNpkjO0rOQ5byMi.Ye4oKoEa3Ro9llC/.og/at2.uheWG/igi', 'T69uQAjM46', '2020-09-02 05:08:02', '2020-09-02 05:08:02'),
(89, 1, 3, 2, 2, 'Rita Turcotte', 40, 205, '/images/b86d9fe3ed99078cc88a1f8e62423f39.jpg', 'raynor.jeffery@example.org', '2020-09-02 05:07:50', '$2y$10$92IXUNpkjO0rOQ5byMi.Ye4oKoEa3Ro9llC/.og/at2.uheWG/igi', 'tcEch35syy', '2020-09-02 05:08:02', '2020-09-02 05:08:02'),
(90, 1, 9, 1, 2, 'Mr. Mervin Parker', 33, 170, '/images/87a85931f5f3cd7a66b9bc5bc8ca6168.jpg', 'hudson.ziemann@example.net', '2020-09-02 05:07:50', '$2y$10$92IXUNpkjO0rOQ5byMi.Ye4oKoEa3Ro9llC/.og/at2.uheWG/igi', 'ykOjH48v0n', '2020-09-02 05:08:02', '2020-09-02 05:08:02');
COMMIT;

/*!40101 SET CHARACTER_SET_CLIENT=@OLD_CHARACTER_SET_CLIENT */;
/*!40101 SET CHARACTER_SET_RESULTS=@OLD_CHARACTER_SET_RESULTS */;
/*!40101 SET COLLATION_CONNECTION=@OLD_COLLATION_CONNECTION */;
